ind,activity_label,ctx_a,ctx_b,ctx,endings,source_id,split,split_type,label,target_wrong_label,modified_ctx,strategy_type,strategy_risk
114,High jump,A boy is running down a track.,the boy,A boy is running down a track. the boy,"[ ""runs into a car."", ""gets in a mat."", ""lifts his body above the height of a pole."", ""stands on his hands and springs."" ]",activitynet~v_-zHX3Gdx6I4,val,zeroshot,2,1,"A boy is running down a track at a slow, unhurried pace. the boy",degree_modifier,medium
180,Sharpening knives,A man is holding a pocket knife while sitting on some rocks in the wilderness.,then he,A man is holding a pocket knife while sitting on some rocks in the wilderness. then he,"[ ""opens a can of oil put oil on the knife, and puts oil on a knife and press it through a can filled with oil then cuts several pieces from the sandwiches."", ""takes a small stone from the flowing river and smashes it on another stone."", ""uses the knife to shave his leg."", ""sand the rocks and tops them by using strong pressure."" ]",activitynet~v_0bosp4-pyTM,val,zeroshot,1,3,A man is holding a very dull pocket knife while sitting on some rocks in the wilderness. then he,degree_modifier,medium
200,Playing water polo,Two people are seen passing a ball back and fourth in a pool and leads into one speaking to the camera.,the man,Two people are seen passing a ball back and fourth in a pool and leads into one speaking to the camera. the man,"[ ""dips the ball and walks back with the boy and pours detergent into a cup again."", ""then throws the ball into the pool and begins running around with a sail in his hand while a group of men watch."", ""then takes a drink having a conversation with another man and another man leads into him throwing balls in the water and laughing to the camera."", ""demonstrates how to properly throw the ball with his hands while still speaking to the camera."" ]",activitynet~v_0hWGSkDnRHA,val,indomain,3,1,"Two people are seen passing a ball back and fourth in a pool in a casual, unstructured way and leads into one speaking to the camera. the man",degree_modifier,medium
354,Cutting the grass,A man is outside of a building. He is using commercial lawn mowing equipment.,he,A man is outside of a building. He is using commercial lawn mowing equipment. he,"[ ""walks back and forth as he mows the grass."", ""is animated as he does the task."", ""relaxes, making sure his lawn is pristine."", ""runs from one side of the building to the other."" ]",activitynet~v_2eep4G5Tgho,val,zeroshot,0,3,"A man is outside of a building. Commercial lawn mowing equipment can be operated quickly when covering small, narrow areas. He is using commercial lawn mowing equipment. he",degree_modifier,medium
399,Gargling mouthwash,A young boy and girl are standing over a sink with their mother talking. The mother instructs them on how to brush their teeth while laughing.,the boy,A young boy and girl are standing over a sink with their mother talking. The mother instructs them on how to brush their teeth while laughing. the boy,"[ ""puts a shirt on and rubs his mouth."", ""helps his younger sister brush his teeth."", ""walks with an empty mouthwash cup on a sink floor."", ""and girl then begin working out."" ]",activitynet~v_3HBAcaU552I,val,zeroshot,1,3,"A young boy and girl are standing over a sink with their mother talking. The mother instructs them on how to brush their teeth in a very high-energy, playful mood. the boy",degree_modifier,medium
493,Cutting the grass,He starts mowing his lawn casually going over all the grass. His dog comes outside and starts to follow him a little while he's closer to the house.,the yard,He starts mowing his lawn casually going over all the grass. His dog comes outside and starts to follow him a little while he's closer to the house. the yard,"[ ""is slowly starting to look really really nice, once he is completely finished the yard looks great, nice and smooth."", ""is very neat and clean and very active under the circumstances."", ""gets mowed quicker by the dog."", ""eventually looks happy on the outside and appears to be going pretty happily."" ]",activitynet~v_4ksF9BUdQJM,val,zeroshot,0,2,"He starts mowing his lawn in a very slow, unhurried pace going over all the grass. His dog comes outside and starts to follow him a little while he's closer to the house. the yard",degree_modifier,medium
586,Applying sunscreen,More and more people begin talking and each of them has a bottle of sun screen and starts to squirt it on their arms in effort to protect their skin.,a small blue bottle of the sun screen,More and more people begin talking and each of them has a bottle of sun screen and starts to squirt it on their arms in effort to protect their skin. a small blue bottle of the sun screen,"[ ""appears and then different people carry it to a table where they mix the liquid with a straw with a straw and take turns squirting the liquid into their skin."", ""appears near each of their hair as they continue to talk but no bottle at all appear."", ""is then shown and several more people begin talking about the product."", ""zooms in on sheers that they have on the floor."" ]",activitynet~v_5gc896my38M,val,indomain,2,0,"More and more people begin talking and each of them has a bottle of sun screen and starts to squirt it on their arms in a casual, playful way. a small blue bottle of the sun screen",degree_modifier,medium
606,Beer pong,One of the ping pongs lands in the cup and one of the boys begins to drink the beer.,the group,One of the ping pongs lands in the cup and one of the boys begins to drink the beer. the group,"[ ""of teens is sailing down the river with others sailing in the background."", ""gets up together and poses with their vests to celebrate."", ""continue to play beer pong when one final player is able to throw and land a ping pong ball while standing with his back to the cups at which point the boys celebrate, and laugh."", ""does a trick and the liquid is poured on a second table."" ]",activitynet~v_5wkGeYBS7hQ,val,indomain,2,3,"One of the ping pongs lands surprisingly firmly in the cup, and one of the boys begins to drink the beer with unusually exaggerated enthusiasm. The group grows rather rowdy, cheering far too loudly and knocking over a nearby cup of beer that spills across the table, making the surface slippery and unfit for continued play. the group",degree_modifier,medium
858,Using the pommel horse,A gymnast put power chalk power on his hands and stands near the pommel horse.,then,A gymnast put power chalk power on his hands and stands near the pommel horse. then,"[ "", the gymnast put strength and power item on his body and falls."", "", the gymnast approach the pommel horse to spin around many times."", "", the gymnast blade the board and stands in position facing the pommel horse doing blade moves."", "", the gymnast moves around and flips the chalk power to full weight and continues gymnastics for the next competition, after he turns and stands near the pommel horse."" ]",activitynet~v_9VGxxRNOdbM,val,indomain,1,3,A gymnast put a large amount of loose power chalk on his hands and stands near the pommel horse. then,degree_modifier,medium
887,Cleaning windows,A person is shown looking around a city and begins washing windows with his tools.,he,A person is shown looking around a city and begins washing windows with his tools. he,"[ ""then brushes right through the window and cleans it off."", ""uses a large block cutter to remove smaller blocks until he has the whole of the window covered."", ""puts water on a hose and begins cleaning the windows."", ""goes up and down the windows at a rapid pace and continues filming himself through the glass."" ]",activitynet~v_9nh_6Hzg_aw,val,indomain,3,1,"A person is shown looking around a city where windows are covered in unusually thick, stubborn grime that resists even the strongest cleaners. He begins washing windows with rather worn, ineffective tools, scrubbing frantically for several minutes while making barely any progress, growing visibly frustrated with the lack of results. he",degree_modifier,medium
923,Ice fishing,A man dressed in yellow and black winter clothes ice fishes on a a frozen lake.,the man,A man dressed in yellow and black winter clothes ice fishes on a a frozen lake. the man,"[ ""is reeling in a fish for a long time."", ""spins with his fishing pole in the air."", ""does a trick on his dirty ice fishing line."", ""does numerous tricks as he goes through these beauty course courses of ice covered lakes."" ]",activitynet~v_9yiXv7Hu5Lw,val,zeroshot,0,3,"A man dressed in yellow and black winter clothes ice fishes on a frozen lake with unusually thin, cracking ice under his feet. He holds a rather flimsy fishing pole that bends alarmingly under a surprisingly strong pull from below, but after frantically reeling for several minutes, he finds only a tangled mess of line and no fish. Growing increasingly bored and restless, he glances at the smooth, expansive ice around him. the man",degree_modifier,medium
"1,012",Hitting a pinata,A man is seen walking closer to a pinata while a large group of people stand around him.,the man,A man is seen walking closer to a pinata while a large group of people stand around him. the man,"[ ""shows off various tapers while swinging at the pinata and throwing them out to the crowd."", ""then throws the pin while others watch on the sides."", ""spins around several times and throws the stick."", ""misses the pinata and hits a person behind him, shown again in slow motion."" ]",activitynet~v_BJGACTBaU_Y,val,indomain,3,2,"A man is seen walking closer to a pinata while an unusually dense crowd presses extremely close around him, leaving almost no space to swing the bat. He steps forward rather unsteady on his feet, frantically searching for room to move, but the crowd jostles him continuously. the man",degree_modifier,medium
"1,047",Ironing clothes,The woman sets the iron aside and flips the clothing. The woman uses the iron on the other side of the clothing.,the woman,The woman sets the iron aside and flips the clothing. The woman uses the iron on the other side of the clothing. the woman,"[ ""scrubs the clothing with her hands."", ""quickly picks up and irons, flames dancing over the clothing."", ""sets the iron aside."", ""crosses her arms in front of her and it's gone."" ]",activitynet~v_BfsCKU69hHs,val,indomain,2,1,The woman sets the iron aside and flips the clothing. The woman uses the iron on the other side of the clothing. The ironˇŻs temperature was adjusted to a relatively high setting earlier. the woman,degree_modifier,medium
"1,112",Clean and jerk,A man in a blue shirt and shorts lifts a large weight over his head. Another man is filming it. The same man comes back and lifts the weight over his head again.,he,A man in a blue shirt and shorts lifts a large weight over his head. Another man is filming it. The same man comes back and lifts the weight over his head again. he,"[ ""drops it on the ground and walks away."", ""again lifts the weight over his head."", ""drops it and runs towards the camera."", ""drops it onto the floor where it gets stuck."" ]",activitynet~v_CcMic7jNIuE,val,zeroshot,0,1,A man in a blue shirt and shorts lifts a large weight over his head. Another man is filming it. The same man comes back and lifts the weight over his head again. The weight heˇŻs lifting this time feels noticeably lighter. he,degree_modifier,medium
"1,321",Clean and jerk,A man is in the gym in tight he bends over picks up a weight over his head and drops it back down.,he,A man is in the gym in tight he bends over picks up a weight over his head and drops it back down. he,"[ ""lifts his legs and pulls the bar up on his body and lifts the weight above his head."", ""lifts it again lifts it over his head and drops it this time and he loosens his way to the top and grabs it again."", ""raises the bar over his head followed by another."", ""walks back and loosens up before walking back up and doing it again adding more weight."" ]",activitynet~v_ErEr4Sxdprw,val,zeroshot,3,0,"A man is in the gym wearing extremely tight athletic clothing that severely restricts his arm movement. He bends over to pick up an abnormally heavy barbell, his arms shaking violently as he lifts it over his head, then drops it back down clumsily, his breath coming in ragged gasps. The gym floor is surprisingly slippery, making it hard to maintain balance, and he glances repeatedly at his legs as if seeking extra support. he",degree_modifier,medium
"1,821",Tennis serve with ball bouncing,"He starts with his first serve where the ball hits the net. Then he takes another ball, bounces it and serves again.",the ball,"He starts with his first serve where the ball hits the net. Then he takes another ball, bounces it and serves again. the ball","[ ""returns with a third serve."", ""bounces again and hits the net multiple times."", ""goes over the net and falls on the other side of the court."", ""comes back to him without touching the net."" ]",activitynet~v_KwY8nf4MqR4,val,indomain,2,1,"He starts with his first serve where the ball hits the net. Then he takes another ball, bounces it and serves again. The netˇŻs height was adjusted to be slightly higher than the standard setting. the ball",degree_modifier,medium
"2,216",Playing violin,One guy stands up with a violin. The guy begins playing the violin and dancing. The guy kicks his shoe off while dancing.,the guy,One guy stands up with a violin. The guy begins playing the violin and dancing. The guy kicks his shoe off while dancing. the guy,"[ ""resumes playing the violin."", ""stops playing and drops the violin."", ""sits down and plays the violin."", ""taps his shoe while playing the violin."" ]",activitynet~v_Q8EoKJNm4mc,val,zeroshot,2,1,"One guy stands up with a violin. The guy begins playing the violin and dancing. The guy kicks his shoe off while dancing. His dancing movements grow noticeably energetic, his arms swinging widely as he maintains his playing. the guy",degree_modifier,medium
"5,105",Doing a powerbomb,Two men perform a flip move on a playground that leads to one being dropped on the ground.,the camera,Two men perform a flip move on a playground that leads to one being dropped on the ground. the camera,"[ ""follows the men down the path."", ""zooms in on the fallen man while they all laugh together."", ""rolls off and turns around on itself in slow motion."", ""follows one man to the ground, but is blocked by a garbage can and one man surrounds him with objects."" ]",activitynet~v_xEnnIWce1ok,val,indomain,1,3,"Two men perform a flip move with a much larger range than usual on a playground, leading to one being dropped closer to the edge area. the camera",degree_modifier,medium
"5,145",Cutting the grass,A lawn mower is tied to a white rope.,it,A lawn mower is tied to a white rope. it,"[ ""is being finally measured for size."", ""lifts the side tire of the mower, and then rolls it onto the grass."", ""is pushing leaves with the handle."", ""is turned on and starts going in circles around the rope mowing the lawn."" ]",activitynet~v_xg0OCQW8t2s,val,zeroshot,3,1,A lawn mower is tied to a surprisingly thin white rope somewhat loosely. It,degree_modifier,medium
"5,182",High jump,"The guy seems to be practicing how high he can jump by jumping over the pole many times, each time a person raises the pole higher and higher to see if the guy can jump over it. One jump the guy knocked the pole down when he tried to hump over it.",the guy,"The guy seems to be practicing how high he can jump by jumping over the pole many times, each time a person raises the pole higher and higher to see if the guy can jump over it. One jump the guy knocked the pole down when he tried to hump over it. the guy","[ ""knock the pole down six time out of all his jumps."", ""jumps and does several tricks over the pole, trying to do better than the other people who did it."", ""jumps over the pole but does not get over it."", ""try to balance far too far and he hits the dirt catching himself next to other guy."" ]",activitynet~v_y5wu5pysE14,val,zeroshot,0,2,"The guy seems to be practicing how high he can jump by jumping over the pole many times, each time a person raises the pole higher and higher to see if the guy can jump over it. One jump the guy knocked the pole down when he tried to hump over it. This time, his take-off height is slightly lower than his usual level. the guy",degree_modifier,medium
"5,241",Having an ice cream,The little girl is playing peek a boo with someone and both of their faces have ice cream on them.,they,The little girl is playing peek a boo with someone and both of their faces have ice cream on them. they,"[ ""spit something out of their mouths and continue to play."", ""both seem to like ice cream and both boil water to have off of it."", ""are having hospital employees help put ice cream in the mouths of a dying mother."", ""are just enjoying the ice cream very much."" ]",activitynet~v_yWCrbhU_X_U,val,zeroshot,3,1,"The little girl is playing peek a boo extremely messily with someone, rolling on the warm pavement as they laugh. Both of their faces are caked with incredibly thick, sticky and fast-hardening ice cream that clings painfully tight to their skin. The sun beats down, making the mess even more stubborn, and they spend minutes frantically scratching at their faces with no progress, growing visibly frustrated. they",degree_modifier,medium
"5,322",Futsal,The credits of the clip are shown. People kick a ball indoor between yellow cones on fake grass.,a player,The credits of the clip are shown. People kick a ball indoor between yellow cones on fake grass. a player,"[ ""spins a ball under the yellow cones."", ""passes to a net on the side."", ""kicks the ball out of bounds for a goal."", ""kicks a ball over a guy's head."" ]",activitynet~v_zGT6EplIOHY,val,indomain,3,2,"The credits of the clip are shown. People kick a ball frantically, barely keeping it under control, in an extremely cramped indoor space where yellow cones are placed absurdly close together on shockingly slippery fake grass. A nearby player jabs at his legs aggressively, and the crowd roars so loudly it disorients him, making precise movement impossible. a player",degree_modifier,medium
"5,494",Sharpening knives,"Then there is a tools needed list on the screen and a bowl, sharpener, and other tools are seen on the counter.",giving the instructions and explanation on the screen along the way,"Then there is a tools needed list on the screen and a bowl, sharpener, and other tools are seen on the counter. giving the instructions and explanation on the screen along the way","[ "", the person wets the stones in water, then sharpens a knife on a sharpening stone and then on a knife sharpening tool."", ""then throwing in the machine mix."", ""once the show up."", ""you will see gallops on the screen as the prepare to clean the outside of a car door."" ]",activitynet~v_1Se1ZqCSQvk,val,zeroshot,0,3,"Then there is a tools needed list on the screen and a bowl, sharpener, and other tools are seen on the counter. giving the instructions and explanation on the screen along the way. The complexity of the instructions far exceeds that of conventional knife-sharpening tutorials, mixing in irrelevant content segments.",degree_modifier,medium
"5,507",Running a marathon,"As they run, people are on the side of the road encouraging them with water on their tables, signs and clapping for them. Aside from the people, there are also large red blow ups on the side illustrating the hydration stations.",finally,"As they run, people are on the side of the road encouraging them with water on their tables, signs and clapping for them. Aside from the people, there are also large red blow ups on the side illustrating the hydration stations. finally","[ "", the streaker finish on time with the wave of his hand and walks off."", "", a large green group of people on a dirt bike appears, cut, ready and they all are waiting for the talking with a ripple of dirt in the ground."", "", a young couple completes the marathon and a still image of them is shown at the end."", "", there is a blue screen with the caption lsuongs) walking the outside of a building and men holding bumper cars."" ]",activitynet~v_1gp-5iOIfVo,val,zeroshot,2,1,"As they run, people are on the side of the road encouraging them with water on their tables, signs and clapping for them. Aside from the people, there are also large red blow ups on the side illustrating the hydration stations. The route markers for this marathon are far less distinct than those of typical races, making adjacent dirt bike event signs easy to confuse. finally",degree_modifier,medium
"6,190",Doing kickboxing,A small boy is seen punching and kicking a man on his knees wearing gloves.,another boy,A small boy is seen punching and kicking a man on his knees wearing gloves. another boy,"[ ""steps up and hits the man holding him down while twisting and making several kicks with the man's help."", ""approaches while the mat is being rolled and jumps on the man to continue hitting."", ""punches and kicks the same man."", ""is seen punching and kicking a man standing up."" ]",activitynet~v_J_CJSmMFWlg,val,indomain,2,1,"A small boy is seen punching and kicking a man on his knees wearing gloves. The training mat is partially rolled up as the session wraps up, narrowing the available space. another boy",degree_modifier,medium
"6,374",Using parallel bars,A man stands on front the parallel bars preparing to perform.,then,A man stands on front the parallel bars preparing to perform. then,"[ "", the man falls on the mat and struggle with his muscles."", "", the man performs his routine on the parallel bars."", "", the man stretch and exercises while standing on the parallel bars."", "", she jumps, spins and flip making the splits while the man watches."" ]",activitynet~v_OzXD3WO6jrs,val,indomain,1,0,A man stands on front the parallel bars preparing to perform. The routine heˇŻs planning uses far more complex maneuvers than his usual practice set. then,degree_modifier,medium
"6,462",Starting a campfire,A small campfire is shown in the woods. Someone turns on the campfire in the night.,when the fire,A small campfire is shown in the woods. Someone turns on the campfire in the night. when the fire,"[ ""is turning off the man put more dry branches."", ""dies down some more people are shown using their phones to call 911 and then call the police to make sure they are ok."", ""dies down, a small piece of paper is shown."", ""dies down, a person eats something."" ]",activitynet~v_RllrUfp2EIU,val,indomain,0,1,"A small campfire is shown in the woods, burning unusually weakly with only a few embers flickering. Someone turns on the campfire in the night, but the wind picks up rather suddenly, blowing the flames so hard they threaten to die down entirely. The darkness feels extremely oppressive, and the group grows surprisingly anxious, fumbling for their phones to call for help when the fire",degree_modifier,medium
"6,500",Canoeing,Three men walk next to each other. The men begin putting a boat on the back of a truck.,the men,Three men walk next to each other. The men begin putting a boat on the back of a truck. the men,"[ ""sail the boat over ramps on the river."", ""then put the boat back on the road."", ""tie the boat down."", ""then sail the boat across a river."" ]",activitynet~v_T3bTwmccIEQ,val,indomain,2,0,"Three men walk next to each other. The men begin putting a boat on the back of a truck. The boat theyˇŻre using is lightly modified to navigate small, shallow ramps in the river. the men",degree_modifier,medium
"6,584",Putting in contact lenses,A woman is seen speaking to the camera while holding up a contact lens. She moves her hands around while still speaking to the camera.,she,A woman is seen speaking to the camera while holding up a contact lens. She moves her hands around while still speaking to the camera. she,"[ ""holds open her eye and puts a contact in her eye."", ""touches her arm several times while she displays her eye's view."", ""puts the contact on her finger, then is seen putting her hands down."", ""shows and puts more contact lenses into her eyes."" ]",activitynet~v_Uj1QtIM8500,val,indomain,0,3,A woman is seen speaking to the camera while holding up a contact lens. She moves her hands around while still speaking to the camera. SheˇŻs demonstrating the use of multiple contact lenses for a tutorial segment. she,degree_modifier,medium
"6,829",Camel ride,Two women are sitting on a small camel. The woman on the back of the camel waves at the camera.,the camel,Two women are sitting on a small camel. The woman on the back of the camel waves at the camera. the camel,"[ ""begins to walk and carry the women on it's back."", ""is running fast and the people behind keep up with his pace."", ""takes off on its side and the two women follow behind."", ""shakes the woman on its back."" ]",activitynet~v_altXks0a0qY,val,indomain,0,1,Two women are sitting on a small camel. The woman on the back of the camel waves at the camera. The camel often picks up speed when thereˇŻs activity around it. the camel,degree_modifier,medium
"7,445",Clean and jerk,A woman is seen bending forward grabbing onto a set of weights.,she,A woman is seen bending forward grabbing onto a set of weights. she,"[ ""lifts and then lowers herself over the bar several times."", ""lifts them up over her head and at times drops them down."", ""then lifts the weights over her head."", ""stands back up and continues pushing them around."" ]",activitynet~v_sahQxLbmM0U,val,zeroshot,2,3,"A woman is seen bending forward grabbing onto a set of weights. The weights feel heavier than she anticipated, making her adjust her movement after lifting. she",degree_modifier,medium
"7,522",Ice fishing,A boy is ice fishing on a frozen lake in the winter time. He pulls up a fish as his parents watch him pull it in.,he,A boy is ice fishing on a frozen lake in the winter time. He pulls up a fish as his parents watch him pull it in. he,"[ ""gets one and walks over for a bite."", ""fishes and catches small fish as well as many other fish before getting tired."", ""finally gets the fish up onto the ice and he sees that it is a really big catch."", ""reels the fish in and hugs it before walking away."" ]",activitynet~v_u9aFICSj7zw,val,zeroshot,2,3,A boy is ice fishing on a frozen lake in the winter time. He pulls up a fish as his parents watch him pull it in. The fish is smaller than he expected but feels oddly comforting to hold. he,degree_modifier,medium
"7,896",Baking cookies,"After cooling the dough, she takes it out and cuts them into rectangular pieces. She places the raw cookie on a cookie sheet and bakes them.",when the cookies,"After cooling the dough, she takes it out and cuts them into rectangular pieces. She places the raw cookie on a cookie sheet and bakes them. when the cookies","[ ""are done, she takes a plate and runs them in water."", ""are done baking, she places them in an airtight plastic container for storing for future consumption."", ""are finished, white letters indicate that they are a gift gift from ms who is helping and sending them to the shop along with other gift and supplies."", ""are done, she removes them into the oven."" ]",activitynet~v_2tlLq9qvG-c,val,indomain,1,3,"After cooling the dough, she takes it out and cuts them into rectangular pieces. She places the raw cookie on a cookie sheet and bakes them. The oven door is slightly ajar as the cookies finish baking. when the cookies",degree_modifier,medium
"8,351",Surfing,A few surfers are out in the ocean surfing. A surfer in a wetsuit rides his surfboard on the waves.,the waves,A few surfers are out in the ocean surfing. A surfer in a wetsuit rides his surfboard on the waves. the waves,"[ ""part as he passes an old buck."", ""push the surfer into the side of the water and away from him."", ""knock him off his surfboard."", ""are so strong and violent and he can't control himself as he falls for a while, doing tricks and pulling other surfers like a buoy."" ]",activitynet~v_EpWZ_-hNKKs,val,indomain,2,3,A few surfers are out in the ocean surfing. A surfer in a wetsuit rides his surfboard on the waves. The waves are stronger and more turbulent than he initially anticipated. the waves,degree_modifier,medium
"8,527",Doing kickboxing,A small group of young boys are seen holding up fighting gloves and hitting an older man wearing gloves.,the boys,A small group of young boys are seen holding up fighting gloves and hitting an older man wearing gloves. the boys,"[ ""continue to push and kick the man's hands while other boys practice in the background."", ""then begin spar with one another chopping and punching."", ""shake and counter throw one another while someone is standing close by watching them hit."", ""then kick him and hit him over the head."" ]",activitynet~v_J_CJSmMFWlg,val,indomain,0,3,A small group of young boys are seen holding up fighting gloves and hitting an older man wearing gloves. The boys get more energetic as they practice. the boys,degree_modifier,medium
"8,733",Using parallel bars,A man jumps onto two bars. He does a gymnastic bar routine. He does a back flip off and lands on the mat.,two men,A man jumps onto two bars. He does a gymnastic bar routine. He does a back flip off and lands on the mat. two men,"[ ""speak to the camera."", ""drop into a pile on the mat."", ""are watching him in suits."", ""shake hands and walks away."" ]",activitynet~v_OzXD3WO6jrs,val,indomain,2,1,A man jumps onto two bars. He does a gymnastic bar routine. He does a back flip off and stumbles slightly as he lands on the mat. two men,degree_modifier,medium
"9,321",Sharpening knives,Various tools are shown laid out while a hand picks up the tools and shows them to the camera. He then grabs another tool and begins sharpening the knife next to some sliced apples.,he,Various tools are shown laid out while a hand picks up the tools and shows them to the camera. He then grabs another tool and begins sharpening the knife next to some sliced apples. he,"[ ""then walks over and picks up one he was slicing."", ""shows off the knife before holding it up."", ""then cuts the apples with the sharpened knife and leads into another person holding and showing off more knives."", ""continues sharpening the knife through the apples."" ]",activitynet~v_e1_oskOyQoU,val,zeroshot,2,3,"Various tools are shown laid out while a hand picks up the tools and shows them to the camera. He then grabs another tool and begins sharpening the knife next to some sliced apples. His sharpening motion has a slight range, making the knife look close to passing through the apples. he",degree_modifier,medium
"9,678",High jump,"The man jumps again but this time at 5'10 high, he clears it, and once again it replays.",the man,"The man jumps again but this time at 5'10 high, he clears it, and once again it replays. the man","[ ""is now running and jumping over the pole that is now 6 feet high, he clears it like he did all the other heights and once again it replays."", ""performs one last trick on high, this time with an upper hand but he misses again and flies."", ""jumps again at 610 and doesn't stick it this time at 611 or 890, he gets a second round and attempts to get off successfully."", ""jumps continuously until it replays to show the height of the spike of the charge and the exact amount of jump result."" ]",activitynet~v_nLAm7USuYbA,val,zeroshot,0,1,"The man jumps again but this time at 5'10 high, he clears it and once again it replays. His body tilts a bit more than usual as he passes the pole, like heˇŻs testing a small trick mid-air. the man",degree_modifier,medium
"9,778",High jump,"A student athlete appears, dressed in casual shorts and a red t-shirt, and he proceeds to do practice jumps.",the first jump,"A student athlete appears, dressed in casual shorts and a red t-shirt, and he proceeds to do practice jumps. the first jump","[ ""occurred but only able to land on his head multiple times."", ""is repeated in slow motion in front of him in a cardio room filled with exercise equipment."", ""is poor, and he knocks off the bar during the jump."", ""is in a particular static configuration bordering the mat for a moment, he jumps then quickly swings, and successfully bounces the bar."" ]",activitynet~v_qmKSDwVvxVk,val,zeroshot,2,3,"A student athlete appears, dressed in casual shorts and a red t-shirt, and he proceeds to do practice jumps. He stands a little stiffer than usual by the mat edge, his body tensing like heˇŻll swing mid-air. the first jump",degree_modifier,medium
"9,832",Clean and jerk,A woman is bent over holding a weight bar. She picks the weight up and holds it at her shoulders.,she,A woman is bent over holding a weight bar. She picks the weight up and holds it at her shoulders. she,"[ ""then pushes off the bar."", ""bends down and begins exercising using the weight bar."", ""then lifts the weight over her head."", ""lifts it to her chest and works out."" ]",activitynet~v_sahQxLbmM0U,val,zeroshot,2,3,"A woman is bent over holding an unusually heavy, almost unmanageable weight bar; she picks the weight up with a visible grimace, her arms shaking violently and muscles screaming in pain as she holds it at her shoulders, sweat dripping into her eyes and breath coming in ragged, exhausted bursts. She strains with every fiber of her being but cannot summon the strength to push it higher, her core wavering slightly on the subtly slippery gym floor. she",degree_modifier,medium
"10,416",Clean and jerk,A man wearing black is in a gym. He picks up some heavy barbells. He lifts the barbells over his head.,he,A man wearing black is in a gym. He picks up some heavy barbells. He lifts the barbells over his head. he,"[ ""drops them onto the barbell and walks away."", ""lifts them up over his head."", ""then drops the barbells onto the ground."", ""falls onto the mat."" ]",activitynet~v_3LrLgh2rlAM,val,zeroshot,2,3,"A man wearing black is in a gym. He picks up some unusually bulky and heavy barbells, straining visibly as he lifts them; he gets the barbells over his head with labored movements, his grip slipping slightly and his arms shaking noticeably, while he breathes heavily from the intense effort. he",degree_modifier,medium
"10,552",Clean and jerk,An intro of titles eventually leads to an athlete holding a large amount of weights over his head.,the same man,An intro of titles eventually leads to an athlete holding a large amount of weights over his head. the same man,"[ ""then lifts the weights over his head and hits a number of full swings before dismounting."", ""is then seen spinning around multiple times while a crowd watches on."", ""does another lit with his weights while another man watches in the background."", ""is then shown walking into frame performing a sit ups series on the weights by jumping over the bars."" ]",activitynet~v_5JkN8t5k0jU,val,zeroshot,2,3,"An intro of titles eventually leads to an athlete holding a dangerously massive and unbalanced amount of weights shakily over his head, his core muscles failing violently and stance wavering on the alarmingly slick gym floor; he gasps for air, sweat pouring off his forehead, and glances repeatedly at the padded mat nearby as if preparing to abandon the lift entirely. the same man",degree_modifier,medium
"10,825",Ice fishing,He moves a stick and pulls a fishing line out of a hole. The man pulls a fish out of the hole.,he,He moves a stick and pulls a fishing line out of a hole. The man pulls a fish out of the hole. he,"[ ""points at the camera and smiles."", ""pulls a rod out of the hole."", ""picks the fish up and shows us the fish."", ""pauses and speaks to the camera."" ]",activitynet~v_8eMjzrhxv2U,val,zeroshot,2,1,"He moves a stick and pulls a fishing line out of a hole. The man pulls a fish out of the hole with a sharp, forceful tug. he",degree_modifier,medium
"10,890",Playing harmonica,"A bald man sits in a wooden chair and talks to the camera while holding, pointing to and occasionally playing a harmonica in his hands.",the camera,"A bald man sits in a wooden chair and talks to the camera while holding, pointing to and occasionally playing a harmonica in his hands. the camera","[ ""pans back to the man doctor sitting in a chair and further inputs appear."", ""man pans the harmonica all around the room while he continues to rock back and fourth to music."", ""zooms in for a tighter shot of the man as he talks and before the man pulls the harmonica directly up to his face and plays the harmonica briefly before pulling the harmonica away and looking into the camera."", ""pans right to show several people in the background who work in the shop."" ]",activitynet~v_9YnYdsmjkIY,val,zeroshot,2,1,"A bald man sits in a wooden chair and talks to the camera while gripping the harmonica firmly, rocking it slightly back and forth in his hands as he points to it and occasionally plays. the camera",degree_modifier,medium
"11,021",Capoeira,Two men are seen running around a circle surrounded by people and performing martial arts moves.,more people,Two men are seen running around a circle surrounded by people and performing martial arts moves. more people,"[ ""run around and throw the men into the group."", ""come in the circle and the people continue spinning around one another and fighting with each other."", ""are seen running around the mat in front of them and ends with one man giving a person a hug."", ""are seen running around the circle surrounding one another as well as dancing, throwing a man into the air and celebrating."" ]",activitynet~v_BFrsZmuj4Ns,val,indomain,1,0,"Two men are seen running around a circle surrounded by people and performing broad, sweeping martial arts moves that mimic throwing motions. more people",degree_modifier,medium
"11,073",Playing violin,The person holds up the violin to his chin and gets ready. The person plays a song on the violin.,the man,The person holds up the violin to his chin and gets ready. The person plays a song on the violin. the man,"[ ""plays the violin down near the floor."", ""passes the violin on to the person using each key."", ""plays a song on his violin."", ""finishes the song and lowers the instrument."" ]",activitynet~v_Bri_myFFu4A,val,zeroshot,3,0,"The person holds up the violin abnormally high to his chin, straining his neck to the point of pain. The instrument feels unusually heavy and unbalanced, slipping in his sweaty grip as his arm grows excruciatingly stiff. He gets ready with visible effort, then plays a song on the violin, but blinding stage lights reflect off the violinˇŻs surface, making it impossible to see the fingerboard. He fumbles frantically, muscles in his forearm twitching violently as he struggles to maintain his posture, and finally lets the instrument drop down near the floor to regain control. the man",degree_modifier,medium
"11,189",Rope skipping,Five people are jump roping on a blue mat. They do flips and tricks while jump roping.,they,Five people are jump roping on a blue mat. They do flips and tricks while jump roping. they,"[ ""stop hop roping and relax."", ""spin around in the air and throw their hands up."", ""finish and hug each other before walking off."", ""finish jumping and walk towards the judges."" ]",activitynet~v_DF9CGVGiKXY,val,indomain,2,1,"Five people are jump roping on a blue mat. They do large, airborne flips and tricks while jump roping. they",degree_modifier,medium
"11,346",High jump,An athlete is shown warming up in front of a pole while several others in the background run around a track.,the man,An athlete is shown warming up in front of a pole while several others in the background run around a track. the man,"[ ""eventually prepares for his jump and jumps over the pole."", ""then begins running down the track on the rod while the audience cheers him on and applause when he's finished."", ""throws the pole in the air as his teammates run around to help him and he fails and falls down."", ""is then shown up close performing several routines including flips and handsprings as well as flipping and falling forward onto the mat."" ]",activitynet~v_FRag7CCTP4k,val,zeroshot,0,2,"An athlete is shown warming up in front of a pole while several others in the background run around a track. He looks unusually fatigued, his movements rather unsteady as he adjusts the pole, and he spends surprisingly long rubbing his sore ankle, grimacing with each small shift of weight. the man",degree_modifier,medium
"11,428",Clean and jerk,Two people lift a large weight over their heads.,they,Two people lift a large weight over their heads. they,"[ ""lower the weights over their heads again."", ""drop it down and laugh at the end."", ""drop the weight to the ground."", ""stand up and throw the weight onto the stage."" ]",activitynet~v_GJz8FEFB70w,val,zeroshot,2,3,"Two people lift an unusually massive and unwieldy large weight over their heads, straining visibly with their grips slipping slightly and bodies swaying unsteadily; they glance repeatedly at the nearby stage, which looks surprisingly accessible amid their struggle. they",degree_modifier,medium
"12,080",Clean and jerk,A weightlifter lifts over three bar bells above his head squatting under the weight as other gym attendees look on as he hoists the weight above his head and then allows the bell to fall to the floor.,the man,A weightlifter lifts over three bar bells above his head squatting under the weight as other gym attendees look on as he hoists the weight above his head and then allows the bell to fall to the floor. the man,"[ ""gets up and squats as a crowd cheers him on and his large frame begins to spin around with very little exercise equipment on and he begins lifting more weights in the middle of the room."", ""performs several more lifts of the bell bending at the knees first and then hoisting the bell to the shoulders before throwing the weight on the floor."", ""then rolls out the excess weight over his shoulder portion and let it hit the ground before jogging across the gym in a sprint."", ""smiles as he lowers the weight down by putting his hands on the bar to steady himself."" ]",activitynet~v_Oj_PLXsWxL4,val,zeroshot,1,0,"A weightlifter lifts over three bar bells above his head squatting under the weight. His body twists in a small, unsteady spin as he holds the weight while other gym attendees look on. He hoists the weight above his head and then allows the bell to fall to the floor. the man",degree_modifier,medium
